{"cameraMode":{"drawMode":0,"name":"Shaded","section":"Shading Mode"},"sceneLighting":true,"audioPlay":false,"sceneViewState":{"m_AlwaysRefresh":false,"showFog":true,"showSkybox":true,"showFlares":true,"showImageEffects":true,"showParticleSystems":true,"showVisualEffectGraphs":true,"m_FxEnabled":true},"in2DMode":false,"pivot":{"x":-26.473045349121095,"y":8.66944408416748,"z":20.644649505615236},"rotation":{"x":0.06084252521395683,"y":-0.47652679681777956,"z":0.033081043511629108,"w":0.8764284253120422},"size":24.923912048339845,"orthographic":false}